{
  "trained_at": "2026-06-08T13:12:13Z",
  "n_archive_rows": 1349792,
  "n_labeled_rows": 126793,
  "horizons": {
    "1": {
      "n_train": 9529,
      "n_val": 1058,
      "val_mae_baseline_log1p": 0.7257853746414185,
      "val_mae_learned_log1p": 0.18157753304228896,
      "val_mae_baseline_cfs": 1404.8155008614835,
      "val_mae_learned_cfs": 663.0378648039621
    },
    "2": {
      "n_train": 9323,
      "n_val": 1035,
      "val_mae_baseline_log1p": 0.7838529348373413,
      "val_mae_learned_log1p": 0.21744311121892657,
      "val_mae_baseline_cfs": 1775.1407142076357,
      "val_mae_learned_cfs": 1018.9193101507105
    },
    "3": {
      "n_train": 9363,
      "n_val": 1040,
      "val_mae_baseline_log1p": 0.8175355792045593,
      "val_mae_learned_log1p": 0.23449790178203367,
      "val_mae_baseline_cfs": 2049.316335276127,
      "val_mae_learned_cfs": 1044.5474375399658
    },
    "4": {
      "n_train": 9458,
      "n_val": 1050,
      "val_mae_baseline_log1p": 0.8371593952178955,
      "val_mae_learned_log1p": 0.2633258945824099,
      "val_mae_baseline_cfs": 2231.0523090467163,
      "val_mae_learned_cfs": 1248.0087220672008
    },
    "5": {
      "n_train": 9482,
      "n_val": 1053,
      "val_mae_baseline_log1p": 0.8531063199043274,
      "val_mae_learned_log1p": 0.29628801031030555,
      "val_mae_baseline_cfs": 2313.1755477049055,
      "val_mae_learned_cfs": 1291.559244586973
    },
    "6": {
      "n_train": 9483,
      "n_val": 1053,
      "val_mae_baseline_log1p": 0.8629354238510132,
      "val_mae_learned_log1p": 0.3088989643104472,
      "val_mae_baseline_cfs": 2396.832686002746,
      "val_mae_learned_cfs": 1330.1720923039557
    },
    "7": {
      "n_train": 9513,
      "n_val": 1056,
      "val_mae_baseline_log1p": 0.863250732421875,
      "val_mae_learned_log1p": 0.3198492835982306,
      "val_mae_baseline_cfs": 3811.2887328656816,
      "val_mae_learned_cfs": 1736.5621304391916
    },
    "8": {
      "n_train": 9522,
      "n_val": 1057,
      "val_mae_baseline_log1p": 0.8710860013961792,
      "val_mae_learned_log1p": 0.3202462753805876,
      "val_mae_baseline_cfs": 5099.109975899848,
      "val_mae_learned_cfs": 1868.8162701730898
    },
    "9": {
      "n_train": 9498,
      "n_val": 1055,
      "val_mae_baseline_log1p": 0.8827230930328369,
      "val_mae_learned_log1p": 0.31491452910159984,
      "val_mae_baseline_cfs": 6334.954937462911,
      "val_mae_learned_cfs": 1977.3707706841697
    },
    "10": {
      "n_train": 9526,
      "n_val": 1058,
      "val_mae_baseline_log1p": 0.8905220627784729,
      "val_mae_learned_log1p": 0.32380157602871695,
      "val_mae_baseline_cfs": 6928.712311871764,
      "val_mae_learned_cfs": 2122.555536263682
    },
    "11": {
      "n_train": 5157,
      "n_val": 573,
      "val_mae_baseline_log1p": 0.9729174375534058,
      "val_mae_learned_log1p": 0.2995144263012447,
      "val_mae_baseline_cfs": 5004.139258624547,
      "val_mae_learned_cfs": 2128.1104994628254
    },
    "12": {
      "n_train": 4962,
      "n_val": 551,
      "val_mae_baseline_log1p": 0.9658178687095642,
      "val_mae_learned_log1p": 0.3010970869890884,
      "val_mae_baseline_cfs": 5422.520726763291,
      "val_mae_learned_cfs": 2755.5514637594274
    },
    "13": {
      "n_train": 4749,
      "n_val": 527,
      "val_mae_baseline_log1p": 0.9504571557044983,
      "val_mae_learned_log1p": 0.30331499097610426,
      "val_mae_baseline_cfs": 6563.402127570582,
      "val_mae_learned_cfs": 3402.0705444623654
    },
    "14": {
      "n_train": 4556,
      "n_val": 506,
      "val_mae_baseline_log1p": 0.9347962141036987,
      "val_mae_learned_log1p": 0.3249204386906408,
      "val_mae_baseline_cfs": 7774.642390820388,
      "val_mae_learned_cfs": 4192.43619388092
    }
  }
}