{
  "trained_at": "2026-06-01T15:29:29Z",
  "n_archive_rows": 1193790,
  "n_labeled_rows": 120589,
  "horizons": {
    "1": {
      "n_train": 9447,
      "n_val": 1049,
      "val_mae_baseline_log1p": 0.6746835708618164,
      "val_mae_learned_log1p": 0.1851238860469914,
      "val_mae_baseline_cfs": 1864.1191975748516,
      "val_mae_learned_cfs": 664.3439499435419
    },
    "2": {
      "n_train": 9412,
      "n_val": 1045,
      "val_mae_baseline_log1p": 0.7430470585823059,
      "val_mae_learned_log1p": 0.23942855884265657,
      "val_mae_baseline_cfs": 2418.1695288967617,
      "val_mae_learned_cfs": 832.8773988771799
    },
    "3": {
      "n_train": 9433,
      "n_val": 1048,
      "val_mae_baseline_log1p": 0.7761561274528503,
      "val_mae_learned_log1p": 0.25029931718402215,
      "val_mae_baseline_cfs": 2763.480286404581,
      "val_mae_learned_cfs": 954.3099788698676
    },
    "4": {
      "n_train": 9502,
      "n_val": 1055,
      "val_mae_baseline_log1p": 0.7931956648826599,
      "val_mae_learned_log1p": 0.2808520803644041,
      "val_mae_baseline_cfs": 3381.672063396289,
      "val_mae_learned_cfs": 1217.4218061690462
    },
    "5": {
      "n_train": 9504,
      "n_val": 1056,
      "val_mae_baseline_log1p": 0.8107342720031738,
      "val_mae_learned_log1p": 0.306965333089778,
      "val_mae_baseline_cfs": 4900.971395683576,
      "val_mae_learned_cfs": 1861.7904250672877
    },
    "6": {
      "n_train": 9499,
      "n_val": 1055,
      "val_mae_baseline_log1p": 0.8235505223274231,
      "val_mae_learned_log1p": 0.3162029128922351,
      "val_mae_baseline_cfs": 6720.222115652454,
      "val_mae_learned_cfs": 2030.8594139986058
    },
    "7": {
      "n_train": 9514,
      "n_val": 1057,
      "val_mae_baseline_log1p": 0.836937427520752,
      "val_mae_learned_log1p": 0.3455606586663263,
      "val_mae_baseline_cfs": 9171.846957809763,
      "val_mae_learned_cfs": 2563.504045206482
    },
    "8": {
      "n_train": 9524,
      "n_val": 1058,
      "val_mae_baseline_log1p": 0.842720627784729,
      "val_mae_learned_log1p": 0.34857002932383363,
      "val_mae_baseline_cfs": 10118.168072725768,
      "val_mae_learned_cfs": 2652.47239933644
    },
    "9": {
      "n_train": 9493,
      "n_val": 1054,
      "val_mae_baseline_log1p": 0.8580632209777832,
      "val_mae_learned_log1p": 0.3800288996712773,
      "val_mae_baseline_cfs": 11378.834192543336,
      "val_mae_learned_cfs": 2668.884764126037
    },
    "10": {
      "n_train": 9323,
      "n_val": 1035,
      "val_mae_baseline_log1p": 0.861562967300415,
      "val_mae_learned_log1p": 0.4075099922685317,
      "val_mae_baseline_cfs": 11561.911649653974,
      "val_mae_learned_cfs": 2456.118813559454
    }
  }
}