{
  "trained_at": "2026-05-11T12:17:27Z",
  "n_archive_rows": 688236,
  "n_labeled_rows": 75378,
  "horizons": {
    "1": {
      "n_train": 7126,
      "n_val": 791,
      "val_mae_baseline_log1p": 0.711899995803833,
      "val_mae_learned_log1p": 0.3184092635381312,
      "val_mae_baseline_cfs": 1609.561781298601,
      "val_mae_learned_cfs": 897.9250302782954
    },
    "2": {
      "n_train": 7083,
      "n_val": 787,
      "val_mae_baseline_log1p": 0.7379882335662842,
      "val_mae_learned_log1p": 0.31873256243153436,
      "val_mae_baseline_cfs": 1816.5194216916889,
      "val_mae_learned_cfs": 855.5899544304525
    },
    "3": {
      "n_train": 7079,
      "n_val": 786,
      "val_mae_baseline_log1p": 0.7754493951797485,
      "val_mae_learned_log1p": 0.3225602087454912,
      "val_mae_baseline_cfs": 2118.8594558567434,
      "val_mae_learned_cfs": 973.5363238417494
    },
    "4": {
      "n_train": 7114,
      "n_val": 790,
      "val_mae_baseline_log1p": 0.8062785267829895,
      "val_mae_learned_log1p": 0.33746878431235733,
      "val_mae_baseline_cfs": 2498.123944408687,
      "val_mae_learned_cfs": 823.584749652951
    },
    "5": {
      "n_train": 7116,
      "n_val": 790,
      "val_mae_baseline_log1p": 0.8301946520805359,
      "val_mae_learned_log1p": 0.3634786074638291,
      "val_mae_baseline_cfs": 2500.141885258085,
      "val_mae_learned_cfs": 1056.5272303579347
    },
    "6": {
      "n_train": 6183,
      "n_val": 686,
      "val_mae_baseline_log1p": 0.8421011567115784,
      "val_mae_learned_log1p": 0.6302573961441175,
      "val_mae_baseline_cfs": 2630.1339258530593,
      "val_mae_learned_cfs": 1725.9093892376832
    },
    "7": {
      "n_train": 6157,
      "n_val": 684,
      "val_mae_baseline_log1p": 0.8374552726745605,
      "val_mae_learned_log1p": 0.6411455895691344,
      "val_mae_baseline_cfs": 2470.270740241654,
      "val_mae_learned_cfs": 1846.8949863397795
    },
    "8": {
      "n_train": 6147,
      "n_val": 683,
      "val_mae_baseline_log1p": 0.8256233334541321,
      "val_mae_learned_log1p": 0.6614818787876284,
      "val_mae_baseline_cfs": 2612.0013128064597,
      "val_mae_learned_cfs": 2084.228217944288
    },
    "9": {
      "n_train": 6109,
      "n_val": 678,
      "val_mae_baseline_log1p": 0.8165028691291809,
      "val_mae_learned_log1p": 0.653991221146582,
      "val_mae_baseline_cfs": 2779.8298946341633,
      "val_mae_learned_cfs": 2349.017718124851
    },
    "10": {
      "n_train": 6105,
      "n_val": 678,
      "val_mae_baseline_log1p": 0.8328084945678711,
      "val_mae_learned_log1p": 0.6914960907054424,
      "val_mae_baseline_cfs": 2867.129350241466,
      "val_mae_learned_cfs": 2857.320850746784
    }
  }
}